TreatmentDate,WellName,TreatmentType,API
6/6/2024,DEVORE 2,CB,302700627
6/6/2024,MCKEAN B-14,CB,302711645
6/16/2024,FEE K-2,CB,302711610
6/19/2024,MSPU 2-K INJ (SMACKOVER),CB,302700877
6/22/2024,SMART  C 2 (TRAVIS PEAK),CB,302710125
6/22/2024,SMART  D 3 (TRAVIS PEAK),CB,302700211
7/3/2024,DEVORE 2,CB,302700627
7/3/2024,MCKEAN B-14,CB,302711645
7/3/2024,MSPU 2-K INJ (SMACKOVER),CB,302700877
7/3/2024,PAUL MOSS 142 (G),CB,4213580391
7/4/2024,PAUL MOSS 22 (G),CB,4213580262
7/4/2024,PAUL MOSS 192 (C),CB,4213533866
7/9/2024,PAUL MOSS 31 (G),CB,4213502040
7/12/2024,MSPU 4-L (SMACKOVER),CB/BC,302700925
7/17/2024,MSPU 7-Q (SMACKOVER),CB+(B)+BC,302700942
7/18/2024,MARLER PATENTED 1 (DAKOTA),CB+(B),
7/19/2024,BECKEDAHL C 2 (MADISON),CB,3307501211
7/19/2024,BECKEDAHL C 2 (MADISON),CB,3307501211
7/19/2024,BECKEDAHL C 1 (MADISON),CB,3307500118
7/23/2024,MEYER 1-15 (LODGEPOLE),CB,3308900551
7/23/2024,R G 1-10 (LODGEPOLE),CB,3308900466
7/26/2024,CRUSCH 1-3X,CB,2508521662
7/26/2024,PREVOST 1 (RED RIVER),CB,2508321853
7/27/2024,BFU TR 9-6 2 (CRONE 1),CB,302700605
8/1/2024,MCKEAN B-12,CB,302701485
8/1/2024,PAUL CARLSON 2-27,CB,3307501086
8/1/2024,EPEX WEBER 28-16 (MADISON),CB,3307501157
8/2/2024,CRONE A-10,CB,302710494
8/5/2024,DEVORE 2,CB/BC,302700627
8/5/2024,FEE K-2,CB/BC,302711610
8/5/2024,MCKEAN B-14,CB/BC,302711645
8/7/2024,NORTH CENTRAL TEXAS 3 (TRAVIS PEAK),CB/BC,302700205
8/7/2024,SMART  C 2 (TRAVIS PEAK),CB/BC,302710125
8/7/2024,SMART  D 3 (TRAVIS PEAK),CB/BC,302700211
8/11/2024,MCKEAN B-13,CB,302710439
8/11/2024,MCKEAN C-2,CB,307301540
8/12/2024,RAY BRADLEY 1,CB,302710737
8/15/2024,BFU TR 10-2 1 (NUNN A-1),CB,302711405
8/15/2024,WEBB ANDERSON  1 (TENSLEEP),CB+(B),
8/15/2024,BIG POLECAT 1 (aka Federal W-061100),CB+(B),
8/15/2024,SAGE UNIT C-067759 10 (TENSLEEP),CB+(B),
8/19/2024,MILES 1-8 (MORROW),CB,3500720671
8/20/2024,PAUL MOSS 121  (G),CB,4213530744
8/20/2024,PAUL MOSS 131 (G),CB,4213580374
8/20/2024,PAUL MOSS 142 (G),CB/BC,4213580391
8/20/2024,PAUL MOSS 19 (G),CB,4213502086
8/20/2024,PAUL MOSS 20 (G),CB,4213502036
8/20/2024,PAUL MOSS 22 (G),CB/BC,4213580262
8/20/2024,PAUL MOSS 30 (G),CB,4213580270
8/20/2024,PAUL MOSS 6 (G),CB,4213580251
8/20/2024,PAUL MOSS 192 (C),CB/BC,4213533866
8/21/2024,ELLIOTT 31 FED 05 (DEVONIAN),CB+(B),3002524096
8/21/2024,NEW MEXICO 4 (SAN ANDRES),CB+(B),3002523187
8/21/2024,JONES EST 30 1 (CLEARFORK),CB+(B),4216531866
8/21/2024,JONES E H EST 11 (CLEARFORK),CB+(B),4216501378
8/21/2024,JONES EST 497 (CLEARFORK),CB+(B),4216532458
8/21/2024,JONES EST 498 (CLEARFORK),CB+(B),4216532166
8/21/2024,PARKER 01 (ClearFork),CB+(B),4200337367
8/22/2024,MSPU 7-Q (SMACKOVER),CB,302700942
8/22/2024,DONALD PETERSON 1-27 (MADISON),CB,3307501081
8/22/2024,DONALD PETERSON 1-27 (MADISON),CB,3307501081
8/22/2024,EPEX WEBER 28-16 (MADISON),CB,3307501157
8/22/2024,MCCOY 1 (CHESTER),CB,3500724261
8/22/2024,WILCOX 1-9 (fka Martin B 2),CB,3509324376
8/22/2024,MARTIN B 1 (CHESTER),CB,3509335417
8/22/2024,KRAMER 1-18 (HUNTON),CB,3507322808
8/22/2024,PAUL MOSS 31 (G),,4213502040
8/23/2024,PREVOST 1 (RED RIVER),CB,2508321853
8/23/2024,DONALD PETERSON 2-28 (MADISON),CB,3307501078
8/23/2024,DONALD PETERSON 2-28 (MADISON),CB,3307501078
8/23/2024,PAUL CARLSON 2-27,CB,3307501086
8/23/2024,PAUL CARLSON 2-27,CB,3307501086
8/23/2024,EPEX PETERSON 28-6 (MADISON),CB,3307501127
8/23/2024,BEAVER VALLEY RANCH 34-21H (BAKKEN),CB,3305302310
8/23/2024,MILES 2-8 (TORONTO),CB,3500723189
8/23/2024,JONES 1-15 (MORROW),CB,3500722171
8/23/2024,BELLAMY 2-23 (TONKAWA),CB,3500721504
8/24/2024,MSPU 5-R (SMACKOVER),CB,302700809
8/24/2024,FRY ETHEL 2 (MORROW-CHESTER),CB,3500721887
8/24/2024,BELLAMY 1-23 (TONKAWA),CB,3500735600
8/26/2024,TVEIT 23-1 (RED RIVER),CB,2508321898
8/29/2024,FORTUNE 500 01 (C),CB/BC,4213536522
9/6/2024,DEVORE 2,CB,302700627
9/6/2024,MCKEAN B-14,CB,302711645
9/6/2024,MARLER PATENTED 1 (DAKOTA),CB+(B),
9/7/2024,CRONE A-10,CB/BC,302710494
9/7/2024,NORTH CENTRAL TEXAS 3 (TRAVIS PEAK),CB,302700205
9/7/2024,SMART  C 2 (TRAVIS PEAK),CB,302710125
9/7/2024,SMART  D 3 (TRAVIS PEAK),CB,302700211
9/8/2024,MCKEAN B-13,CB/BC,302710439
9/8/2024,MCKEAN C-2,CB/BC,307301540
9/8/2024,RAY BRADLEY 1,CB/BC,302710737
9/9/2024,WEBB ANDERSON  1 (TENSLEEP),CB+(B),
9/9/2024,BIG POLECAT 1 (aka Federal W-061100),CB+(B),
9/9/2024,FEDERAL W-019080   1 (TENSLEEP),CB+(B),
9/9/2024,SAGE UNIT C-067759 10 (TENSLEEP),CB+(B),
9/10/2024,FED MCCRARY 069688  1 (TENSLEEP),CB+(B),
9/10/2024,FARMER FEE 11-11A (TENSLEEP),CB+(B),
9/10/2024,SAGE UNIT PATENT  9 (TENSLEEP),CB+(B),
9/11/2024,BEAN BLOSSOM A 1-19 (TYLER LOWER),CB,2503321111
9/12/2024,MSPU 3-J-1 (SMACKOVER),CB+(B)+BC,302711042
9/12/2024,MSPU 3-K (SMACKOVER),CB+(B)+BC,302700878
9/12/2024,MSPU 3-L-1 (SMACKOVER),CB+(B)+BC,302710953
9/12/2024,MSPU 3-M-1 (SMACKOVER),CB+(B)+BC,302711078
9/12/2024,MSPU 4-H (SMACKOVER),CB+(B)+BC,302700913
9/12/2024,MSPU 4-J-1 (SMACKOVER),CB+(B)+BC,302711089
9/12/2024,MSPU 4-N-2 (SMACKOVER),CB+(B)+BC,302711013
9/12/2024,MSPU 4-N-3 (SMACKOVER),CB+(B)+BC,302711041
9/13/2024,CRONE B-8,CB/BC,302711720
9/13/2024,FEE K-2,CB/BC,302711610
9/13/2024,MCKEAN B-12,CB/BC,302701485
9/13/2024,MSPU 4-O (SMACKOVER),CB+(B)+BC,302701092
9/13/2024,MSPU 4-O-1 (SMACKOVER),CB+(B)+BC,302710956
9/13/2024,MSPU 4-P (SMACKOVER),CB+(B)+BC,302700945
9/13/2024,MSPU 4-Q-2 (SMACKOVER),CB+(B)+BC,302711191
9/13/2024,MSPU 5-M (SMACKOVER),CB+(B)+BC,302700935
9/13/2024,MSPU 5-P (SMACKOVER),CB+(B)+BC,302700949
9/13/2024,MSPU 5-P-3 (SMACKOVER),CB+(B)+BC,302710988
9/13/2024,MSPU 5-S-2 (SMACKOVER),CB+(B)+BC,302711028
9/13/2024,KIEHL 1 (MINNELUSA),CB+(B),
9/13/2024,KIEHL 3 (MINNELUSA),CB+(B),
9/13/2024,KIEHL 5 (MINNELUSA),CB+(B),
9/13/2024,KIEHL 7 (MINNELUSA),CB+(B),
9/13/2024,KIEHL 9 (MINNELUSA),CB+(B),
9/14/2024,BFU TR 10-2 1 (NUNN A-1),CB/BC,302711405
9/15/2024,FORTUNE 500 01 (C),CB+(B),4213536522
9/15/2024,PAUL MOSS 121  (G),CB+(B),4213530744
9/15/2024,PAUL MOSS 19 (G),CB+(B),4213502086
9/15/2024,PAUL MOSS 20 (G),CB+(B),4213502036
9/15/2024,PAUL MOSS 22 (G),CB+(B),4213580262
9/15/2024,PAUL MOSS 6 (G),CB+(B),4213580251
9/15/2024,PAUL MOSS 192 (C),CB+(B),4213533866
9/16/2024,GOVERNMENT 23-9 (PHOSPHORIA),CB+(B),
9/17/2024,HONDL 15-1 (LODGEPOLE),CB+1/4BC,3308900436
9/17/2024,MEYER 1-15 (LODGEPOLE),CB+1/4BC,3308900551
9/17/2024,R G 1-10 (LODGEPOLE),CB+1/4BC,3308900466
9/18/2024,DAVIS CREEK 1- 7H (MADISON),CB+1/4BC,3300701463
9/18/2024,DAVIS CREEK 1-19H (MADISON),CB+1/4BC,3300701464
9/18/2024,DAVIS CREEK 1-13H (TYLER),CB+1/4BC,3300701453
9/18/2024,US 1-28,CB+1/4BC,3300700474
9/18/2024,FEDERAL FRANKS 33-2 (MADISON),CB+1/4BC,3300700519
9/18/2024,PAUL MOSS 30 (G),CB+(B),4213580270
9/18/2024,PAUL MOSS 31 (G),CB,4213502040
9/18/2024,PAUL MOSS 108 (C),CB,4213530333
9/21/2024,TVEIT 23-1 (RED RIVER),CB,2508321898
9/23/2024,CRUSCH 1-3X,CB,2508521662
9/23/2024,CRUSCH 24-3 (RED RIVER),CB,2508521608
9/24/2024,ELLIOTT 31 FED 05 (DEVONIAN),CB/BC,3002524096
9/24/2024,NEW MEXICO 4 (SAN ANDRES),CB/BC,3002523187
9/24/2024,JONES EST 30 1 (CLEARFORK),CB/BC,4216531866
9/24/2024,JONES E H EST 11 (CLEARFORK),CB/BC,4216501378
9/24/2024,JONES EST 497 (CLEARFORK),CB/BC,4216532458
9/24/2024,JONES EST 498 (CLEARFORK),CB/BC,4216532166
9/24/2024,PARKER 01 (ClearFork),CB/BC,4200337367
9/27/2024,PAUL MOSS 131 (G),CB+(B),4213580374
9/29/2024,PREVOST 1 (RED RIVER),CB,2508321853
9/29/2024,BEAVER VALLEY RANCH 34-21H (BAKKEN),CB,3305302310
10/2/2024,MSPU 4-K-1 (SMACKOVER),WC,302710913
10/2/2024,MSPU 5-E INJ (SMACKOVER),WC,302770008
10/3/2024,WEBB ANDERSON  1 (TENSLEEP),CB+(B),
10/3/2024,BIG POLECAT 1 (aka Federal W-061100),CB+(B),
10/3/2024,FEDERAL W-019080   1 (TENSLEEP),CB+(B),
10/3/2024,MARLER PATENTED 1 (DAKOTA),CB+(B),
10/3/2024,FED MCCRARY 069688  1 (TENSLEEP),CB+(B),
10/3/2024,SAGE UNIT C-067759 10 (TENSLEEP),CB+(B),
10/3/2024,SAGE UNIT C-067759 15 (TENSLEEP),CB+(B),
10/3/2024,SAGE UNIT PATENT  9 (TENSLEEP),CB+(B),
10/4/2024,BEAN BLOSSOM A 1-19 (TYLER LOWER),CB,2503321111
10/4/2024,GOVERNMENT 23-9 (PHOSPHORIA),CB+(B),
10/5/2024,MSPU 3-J (SMACKOVER),CB+(B)+BC,302700879
10/5/2024,MSPU 3-K (SMACKOVER),CB+(B)+BC,302700878
10/5/2024,MSPU 3-L-1 (SMACKOVER),CB+(B)+BC,302710953
10/5/2024,MSPU 3-M (SMACKOVER),CB+(B)+BC,302700881
10/5/2024,MSPU 3-O (SMACKOVER),CB+(B)+BC,302700856
10/5/2024,MSPU 4-J (SMACKOVER),CB+(B)+BC,302700933
10/5/2024,MSPU 4-J-1 (SMACKOVER),CB+(B)+BC,302711089
10/5/2024,MSPU 4-K (SMACKOVER),CB+(B)+BC,302700937
10/5/2024,MSPU 4-K-1 (SMACKOVER),CB+(B)+BC,302710913
10/5/2024,MSPU 4-K-2 (SMACKOVER),CB+(B)+BC,302711103
10/6/2024,MSPU 4-L (SMACKOVER),CB+(B)+BC,302700925
10/6/2024,MSPU 4-N-2 (SMACKOVER),CB+(B)+BC,302711013
10/6/2024,MSPU 4-N-3 (SMACKOVER),CB+(B)+BC,302711041
10/6/2024,MSPU 4-O (SMACKOVER),CB+(B)+BC,302701092
10/6/2024,MSPU 4-O-1 (SMACKOVER),CB+(B)+BC,302710956
10/6/2024,MSPU 4-P-2 (SMACKOVER),CB+(B)+BC,302710916
10/6/2024,MSPU 4-P-3 (SMACKOVER),CB+(B)+BC,302711087
10/6/2024,MSPU 4-Q-2 (SMACKOVER),CB+(B)+BC,302711191
10/6/2024,MSPU 5-P-2 (SMACKOVER),CB+(B)+BC,302710833
10/6/2024,MSPU 6-L (SMACKOVER),CB+(B)+BC,302700926
10/7/2024,MSPU 5-M (SMACKOVER),CB+(B)+BC,302700935
10/7/2024,MSPU 5-P (SMACKOVER),CB+(B)+BC,302700949
10/7/2024,MSPU 5-P-3 (SMACKOVER),CB+(B)+BC,302710988
10/7/2024,MSPU 5-S-2 (SMACKOVER),CB+(B)+BC,302711028
10/7/2024,NORTH CENTRAL TEXAS 3 (TRAVIS PEAK),CB/BC,302700205
10/7/2024,SMART  C 2 (TRAVIS PEAK),CB/BC,302710125
10/7/2024,SMART  C 3 (TRAVIS PEAK),CB/BC,302700139
10/7/2024,SMART  C 4 (TRAVIS PEAK),CB/BC,302700140
10/7/2024,SMART  D 3 (TRAVIS PEAK),CB/BC,302700211
10/7/2024,MILES 1-8 (MORROW),,3500720671
10/7/2024,FRY ETHEL 2 (MORROW-CHESTER),,3500721887
10/7/2024,FORTUNE 500 01 (C),CB/BC,4213536522
10/7/2024,PAUL MOSS 131 (G),CB,4213580374
10/7/2024,PAUL MOSS 30 (G),CB,4213580270
10/7/2024,PAUL MOSS 7 (G),CB/BC,4213502032
10/8/2024,MSPU 4-S (SMACKOVER),CB+(B)+BC,302700812
10/8/2024,MSPU 4-W-I (SMACKOVER),CB+(B)+BC,302711634
10/8/2024,MSPU 5-Q-1 (SMACKOVER),CB+(B)+BC,302710759
10/8/2024,MSPU 5-R (SMACKOVER),CB+(B)+BC,302700809
10/8/2024,MSPU 5-U (SMACKOVER),CB+(B)+BC,302700817
10/8/2024,RAY BRADLEY 1,CB/BC,302710737
10/8/2024,HONDL 15-1 (LODGEPOLE),CB/BC,3308900436
10/8/2024,MEYER 1-15 (LODGEPOLE),CB/BC,3308900551
10/8/2024,R G 1-10 (LODGEPOLE),CB/BC,3308900466
10/8/2024,JONES 1-15 (MORROW),,3500722171
10/10/2024,DAVIS CREEK 1-13H (TYLER),,3300701453
10/10/2024,ELLIOTT 31 FED 05 (DEVONIAN),CB+(B),3002524096
10/10/2024,NEW MEXICO 4 (SAN ANDRES),CB+(B),3002523187
10/10/2024,JONES EST 30 1 (CLEARFORK),CB+(B),4216531866
10/10/2024,JONES E H EST 11 (CLEARFORK),CB+(B),4216501378
10/10/2024,JONES EST 497 (CLEARFORK),CB+(B),4216532458
10/10/2024,JONES EST 498 (CLEARFORK),CB+(B),4216532166
10/10/2024,PARKER 01 (ClearFork),CB+(B),4200337367
10/11/2024,BFU TR 10-2 1 (NUNN A-1),CB/BC,302711405
10/11/2024,BUCKNER C-1 (FKA BFU 16-4 1),CB/BC,302711380
10/11/2024,CRONE A-10,CB/BC,302710494
10/11/2024,CRONE A-8,CB/BC,302770015
10/11/2024,DEVORE 2,CB/BC,302700627
10/11/2024,FEE K-1,CB/BC,302700633
10/11/2024,FEE K-2,CB/BC,302711610
10/11/2024,JOHNSON ES B-1 (FKA BFU 16-1 1),CB/BC,302711378
10/11/2024,MCKEAN B-12,CB/BC,302701485
10/11/2024,MCKEAN B-13,CB/BC,302710439
10/11/2024,MCKEAN B-14,CB/BC,302711645
10/11/2024,MCKEAN C-2,CB/BC,307301540
10/11/2024,WARREN C-3,CB/BC,302700638
10/11/2024,WILSON K-1,CB/BC,302700634
10/11/2024,WILSON K-2,CB/BC,302711622
10/18/2024,DAVIS CREEK 1- 7H (MADISON),,3300701463
10/18/2024,DAVIS CREEK 1-19H (MADISON),,3300701464
10/18/2024,DAVIS CREEK 1-13H (TYLER),,3300701453
10/18/2024,US 1-28,CB/BC,3300700474
10/18/2024,FEDERAL FRANKS 33-2 (MADISON),CB/BC,3300700519
10/19/2024,CRUSCH 1-3X,CB,2508521662
10/19/2024,CRUSCH 24-3 (RED RIVER),CB,2508521608
10/19/2024,TVEIT 23-1 (RED RIVER),CB,2508321898
10/20/2024,A.S. CRISP 2 (COTTON VALLEY),WC,302700189
10/23/2024,MULLER 1-15 (NIAGARAN BROWN),,2109347532
10/26/2024,PREVOST 1 (RED RIVER),CB,2508321853
10/26/2024,BEAVER VALLEY RANCH 34-21H (BAKKEN),CB,3305302310
10/29/2024,GENERAL MOTORS 1-2 (NIAGARAN),CB,2109341515
10/30/2024,STATE ALLIS 2-25 HD1 HD2 (NIAGARAN),CB,2114145121
10/31/2024,A.S. CRISP 2 (COTTON VALLEY),WC,302700189
11/1/2024,GENERAL MOTORS 2-2 HD1 (NIAGARAN),CB,2109343521
11/1/2024,GINGRICH 1-31A (PRAIRIE DU CHIEN),CB,2113339751
11/1/2024,MULLER 1-15 (NIAGARAN BROWN),CB,2109347532
11/4/2024,A.S. CRISP 2 (COTTON VALLEY),WC,302700189
11/4/2024,BIG POLECAT 1 (aka Federal W-061100),CB+(B),
11/4/2024,FEDERAL W-019080   1 (TENSLEEP),CB+(B),
11/4/2024,MARLER PATENTED 1 (DAKOTA),CB+(B),
11/5/2024,WEBB ANDERSON  1 (TENSLEEP),CB+(B),
11/5/2024,FED MCCRARY 069688  1 (TENSLEEP),CB+(B),
11/5/2024,SAGE UNIT C-067759 10 (TENSLEEP),CB+(B),
11/5/2024,SAGE UNIT C-067759 15 (TENSLEEP),CB+(B),
11/5/2024,SAGE UNIT PATENT  9 (TENSLEEP),CB+(B),
11/6/2024,STATE ALLIS 2-25 HD1 HD2 (NIAGARAN),,2114145121
11/6/2024,GOVERNMENT 23-9 (PHOSPHORIA),CB+(B),
11/8/2024,BFU TR 10-2 1 (NUNN A-1),CB/BC,302711405
11/8/2024,BFU TR 9-6 2 (CRONE 1),CB/BC,302700605
11/8/2024,BUCKNER C-1 (FKA BFU 16-4 1),CB/BC,302711380
11/8/2024,CRONE A-10,CB/BC,302710494
11/8/2024,CRONE A-8,CB/BC,302770015
11/8/2024,DEVORE 2,CB/BC,302700627
11/8/2024,FEE K-1,CB/BC,302700633
11/8/2024,FEE K-2,CB/BC,302711610
11/8/2024,JOHNSON ES B-1 (FKA BFU 16-1 1),CB/BC,302711378
11/8/2024,MCKEAN B-12,CB/BC,302701485
11/8/2024,MCKEAN B-13,CB/BC,302710439
11/8/2024,MCKEAN B-14,CB/BC,302711645
11/8/2024,WILSON K-1,CB/BC,302700634
11/8/2024,WILSON K-2,CB/BC,302711622
11/9/2024,MCKEAN C-2,CB/BC,307301540
11/9/2024,NORTH CENTRAL TEXAS 3 (TRAVIS PEAK),CB/BC,302700205
11/9/2024,SMART  C 1 (TRAVIS PEAK),CB/BC,302700137
11/9/2024,SMART  C 2 (TRAVIS PEAK),CB/BC,302710125
11/9/2024,SMART  C 3 (TRAVIS PEAK),CB/BC,302700139
11/9/2024,SMART  C 4 (TRAVIS PEAK),CB/BC,302700140
11/9/2024,SMART  D 3 (TRAVIS PEAK),CB/BC,302700211
11/9/2024,WARREN C-3,CB/BC,302700638
11/10/2024,A.S. CRISP 2 (COTTON VALLEY),CB/BC,302700189
11/10/2024,MSPU 4-K-2 (SMACKOVER),CB/BC,302711103
11/10/2024,MSPU 4-L (SMACKOVER),CB/BC,302700925
11/10/2024,MSPU 4-N-2 (SMACKOVER),CB/BC,302711013
11/10/2024,MSPU 4-N-3 (SMACKOVER),CB/BC,302711041
11/10/2024,MSPU 4-O (SMACKOVER),CB/BC,302701092
11/10/2024,MSPU 4-O-1 (SMACKOVER),CB/BC,302710956
11/10/2024,MSPU 4-P-3 (SMACKOVER),CB/BC,302711087
11/10/2024,MSPU 4-Q-2 (SMACKOVER),CB/BC,302711191
11/10/2024,MSPU 5-M (SMACKOVER),CB/BC,302700935
11/10/2024,MSPU 5-P (SMACKOVER),CB/BC,302700949
11/10/2024,MSPU 5-P-3 (SMACKOVER),CB/BC,302710988
11/10/2024,MSPU 6-L (SMACKOVER),CB/BC,302700926
11/10/2024,PARKER 01 (ClearFork),CB,4200337367
11/11/2024,MSPU 5-Q-1 (SMACKOVER),CB/BC,302710759
11/11/2024,MSPU 5-R (SMACKOVER),CB/BC,302700809
11/11/2024,MSPU 7-Q (SMACKOVER),CB/BC,302700942
11/11/2024,RAY BRADLEY 1,CB/BC,302710737
11/12/2024,MSPU 3-J (SMACKOVER),CB/BC,302700879
11/12/2024,MSPU 3-K (SMACKOVER),CB/BC,302700878
11/12/2024,MSPU 3-L-1 (SMACKOVER),CB/BC,302710953
11/12/2024,MSPU 3-M-1 (SMACKOVER),CB/BC,302711078
11/12/2024,MSPU 3-O (SMACKOVER),CB/BC,302700856
11/12/2024,MSPU 4-J (SMACKOVER),CB/BC,302700933
11/12/2024,MSPU 4-J-1 (SMACKOVER),CB/BC,302711089
11/12/2024,MSPU 4-W-I (SMACKOVER),CB/BC,302711634
11/12/2024,MSPU 5-S-2 (SMACKOVER),CB/BC,302711028
11/12/2024,MSPU 5-U (SMACKOVER),CB/BC,302700817
11/14/2024,FARMER FEE 11-11A (TENSLEEP),CB+(B),
11/18/2024,PAUL MOSS 121  (G),CB/BC,4213530744
11/18/2024,PAUL MOSS 19 (G),CB/BC,4213502086
11/18/2024,PAUL MOSS 20 (G),CB/BC,4213502036
11/18/2024,PAUL MOSS 22 (G),CB/BC,4213580262
11/18/2024,PAUL MOSS 30 (G),CB/BC,4213580270
11/18/2024,PAUL MOSS 31 (G),CB/BC,4213502040
11/18/2024,PAUL MOSS 192 (C),CB/BC,4213533866
11/20/2024,A.S. CRISP 2 (COTTON VALLEY),WC,302700189
11/20/2024,A.S. CRISP 2 (COTTON VALLEY),WC,302700189
11/20/2024,JONES EST 30 1 (CLEARFORK),CB,4216531866
11/20/2024,JONES E H EST 11 (CLEARFORK),CB,4216501378
11/20/2024,JONES EST 497 (CLEARFORK),CB,4216532458
11/20/2024,JONES EST 498 (CLEARFORK),CB,4216532166
11/20/2024,PARKER 01 (ClearFork),CB,4200337367
11/21/2024,BEAN BLOSSOM A 1-19 (TYLER LOWER),CB,2503321111
11/21/2024,ELLIOTT 31 FED 05 (DEVONIAN),CB,3002524096
11/21/2024,NEW MEXICO 4 (SAN ANDRES),CB,3002523187
11/22/2024,FORTUNE 500 01 (C),CB/BC,4213536522
11/22/2024,PAUL MOSS 131 (G),CB,4213580374
11/22/2024,PAUL MOSS 142 (G),CB,4213580391
11/22/2024,PAUL MOSS 195 (G),CB,4213534082
11/22/2024,PAUL MOSS 7 (G),CB,4213502032
11/22/2024,PAUL MOSS 108 (C),CB,4213530333
11/23/2024,US 1-28,CB/BC,3300700474
11/23/2024,FEDERAL FRANKS 33-2 (MADISON),CB/BC,3300700519
11/29/2024,PREVOST 1 (RED RIVER),CB,2508321853
11/29/2024,TVEIT 23-1 (RED RIVER),CB,2508321898
11/30/2024,CRUSCH 1-3X,CB,2508521662
11/30/2024,CRUSCH 24-3 (RED RIVER),CB,2508521608
11/30/2024,BEAVER VALLEY RANCH 34-21H (BAKKEN),CB,3305302310
12/6/2024,PAUL MOSS 94 (G),CB/BC,4213502047
12/7/2024,BEAN BLOSSOM A 1-19 (TYLER LOWER),CB,2503321111
12/8/2024,PAUL MOSS 100 (G),CB,4213580357
12/8/2024,PAUL MOSS 183 (G),CB,4213532997
12/8/2024,PAUL MOSS 202 (G),CB,4213543600
12/8/2024,PAUL MOSS 203 (G),CB,4213543610
12/8/2024,PAUL MOSS 53 (G),CB,4213502100
12/8/2024,PAUL MOSS 68 (G),CB/BC,4213510238
12/8/2024,PAUL MOSS 92 (G),CB,4213502109
12/8/2024,PAUL MOSS 421 (G),CB/BC,
12/9/2024,KIEHL 1 (MINNELUSA),CB+(B),
12/9/2024,KIEHL 3 (MINNELUSA),CB+(B),
12/9/2024,KIEHL 5 (MINNELUSA),CB+(B),
12/9/2024,KIEHL 7 (MINNELUSA),CB+(B),
12/9/2024,KIEHL 9 (MINNELUSA),CB+(B),
12/9/2024,FED MCCRARY 069688  1 (TENSLEEP),CB+(B),
12/10/2024,MULLER 1-15 (NIAGARAN BROWN),CB,2109347532
12/10/2024,ELLIOTT 31 FED 05 (DEVONIAN),CB,3002524096
12/10/2024,NEW MEXICO 4 (SAN ANDRES),CB,3002523187
12/10/2024,JONES EST 30 1 (CLEARFORK),CB,4216531866
12/10/2024,JONES E H EST 11 (CLEARFORK),CB,4216501378
12/10/2024,JONES EST 497 (CLEARFORK),CB,4216532458
12/10/2024,JONES EST 498 (CLEARFORK),CB,4216532166
12/10/2024,PARKER 01 (ClearFork),CB,4200337367
12/11/2024,BFU TR 10-2 1 (NUNN A-1),CB/BC,302711405
12/11/2024,BFU TR 16-2 1 (JOHNSON ES A-1),CB/BC,302711361
12/11/2024,BFU TR 9-6 2 (CRONE 1),CB/BC,302700605
12/11/2024,BUCKNER C-1 (FKA BFU 16-4 1),CB/BC,302711380
12/11/2024,A.S. CRISP 2 (COTTON VALLEY),WC,302700189
12/11/2024,A.S. CRISP 2 (COTTON VALLEY),WC,302700189
12/11/2024,CRONE A-10,CB/BC,302710494
12/11/2024,DEVORE 2,CB/BC,302700627
12/11/2024,FEE K-1,CB/BC,302700633
12/11/2024,FEE K-2,CB/BC,302711610
12/11/2024,MCKEAN B-14,CB/BC,302711645
12/11/2024,WARREN C-3,CB/BC,302700638
12/11/2024,WILSON K-1,CB/BC,302700634
12/11/2024,DAVIS CREEK 1- 7H (MADISON),CB/BC,3300701463
12/11/2024,DAVIS CREEK 1-19H (MADISON),CB/BC,3300701464
12/11/2024,DAVIS CREEK 1-13H (TYLER),CB/BC,3300701453
12/11/2024,FEDERAL FRANKS 33-2 (MADISON),,3300700519
12/11/2024,HONDL 15-1 (LODGEPOLE),CB/BC,3308900436
12/11/2024,MEYER 1-15 (LODGEPOLE),CB/BC,3308900551
12/11/2024,R G 1-10 (LODGEPOLE),CB/BC,3308900466
12/11/2024,SAGE UNIT C-067759 10 (TENSLEEP),CB+(B),
12/11/2024,SAGE UNIT C-067759 15 (TENSLEEP),CB+(B),
12/11/2024,SAGE UNIT PATENT  9 (TENSLEEP),CB+(B),
12/12/2024,CRONE A-8,CB/BC,302770015
12/12/2024,MCKEAN B-12,CB/BC,302701485
12/12/2024,MCKEAN B-13,CB/BC,302710439
12/12/2024,MCKEAN C-2,CB/BC,307301540
12/12/2024,WEBB ANDERSON  1 (TENSLEEP),CB+(B),
12/12/2024,GOVERNMENT 23-9 (PHOSPHORIA),CB+(B),
12/12/2024,BIG POLECAT 1 (aka Federal W-061100),CB+(B),
12/12/2024,FEDERAL W-019080   1 (TENSLEEP),CB+(B),
12/12/2024,MARLER PATENTED 1 (DAKOTA),CB+(B),
12/13/2024,NORTH CENTRAL TEXAS 3 (TRAVIS PEAK),CB/BC,302700205
12/13/2024,SMART  C 1 (TRAVIS PEAK),CB/BC,302700137
12/13/2024,SMART  C 2 (TRAVIS PEAK),CB/BC,302710125
12/13/2024,SMART  C 3 (TRAVIS PEAK),CB/BC,302700139
12/13/2024,SMART  D 3 (TRAVIS PEAK),CB/BC,302700211
12/14/2024,FED MCCRARY 069688  1 (TENSLEEP),CB+(B),
12/14/2024,SAGE CREEK UNIT  7 (TENSLEEP),CB+(B),
12/14/2024,SAGE UNIT C-067759  8 (TENSLEEP),CB+(B),
12/15/2024,A.S. CRISP 2 (COTTON VALLEY),CB+(B)+BC,302700189
12/15/2024,MSPU 3-J (SMACKOVER),CB+(B)+BC,302700879
12/15/2024,MSPU 3-K (SMACKOVER),CB+(B)+BC,302700878
12/15/2024,MSPU 3-L-1 (SMACKOVER),CB+(B)+BC,302710953
12/15/2024,MSPU 4-J (SMACKOVER),CB+(B)+BC,302700933
12/15/2024,MSPU 4-J-1 (SMACKOVER),CB+(B)+BC,302711089
12/15/2024,MSPU 4-K (SMACKOVER),CB+(B)+BC,302700937
12/15/2024,MSPU 4-K-2 (SMACKOVER),CB+(B)+BC,302711103
12/15/2024,MSPU 4-L (SMACKOVER),CB+(B)+BC,302700925
12/16/2024,MSPU 3-M-1 (SMACKOVER),CB+(B)+BC,302711078
12/16/2024,MSPU 3-O (SMACKOVER),CB+(B)+BC,302700856
12/16/2024,MSPU 4-N-2 (SMACKOVER),CB+(B)+BC,302711013
12/16/2024,MSPU 4-N-3 (SMACKOVER),CB+(B)+BC,302711041
12/16/2024,MSPU 4-O (SMACKOVER),CB+(B)+BC,302701092
12/16/2024,MSPU 4-O-1 (SMACKOVER),CB+(B)+BC,302710956
12/16/2024,MSPU 4-P-3 (SMACKOVER),CB+(B)+BC,302711087
12/16/2024,MSPU 4-Q-2 (SMACKOVER),CB+(B)+BC,302711191
12/16/2024,MSPU 4-W-I (SMACKOVER),CB+(B)+BC,302711634
12/16/2024,MSPU 5-M (SMACKOVER),CB+(B)+BC,302700935
12/16/2024,MSPU 5-P (SMACKOVER),CB+(B)+BC,302700949
12/16/2024,MSPU 5-P-3 (SMACKOVER),CB+(B)+BC,302710988
12/16/2024,MSPU 5-Q-1 (SMACKOVER),CB+(B)+BC,302710759
12/16/2024,MSPU 5-S-2 (SMACKOVER),CB+(B)+BC,302711028
12/16/2024,MSPU 5-U (SMACKOVER),CB+(B)+BC,302700817
12/16/2024,MSPU 6-L (SMACKOVER),CB+(B)+BC,302700926
12/16/2024,MSPU 7-Q (SMACKOVER),CB+(B)+BC,302700942
12/17/2024,MSPU 5-R (SMACKOVER),CB/BC,302700809
12/17/2024,RAY BRADLEY 1,CB/BC,302710737
12/17/2024,SMART  C 4 (TRAVIS PEAK),CB/BC,302700140
12/19/2024,FORTUNE 500 01 (C),CB/BC,4213536522
12/19/2024,PAUL MOSS 121  (G),CB/BC,4213530744
12/19/2024,PAUL MOSS 131 (G),CB/BC,4213580374
12/19/2024,PAUL MOSS 142 (G),CB/BC,4213580391
12/19/2024,PAUL MOSS 19 (G),CB/BC,4213502086
12/19/2024,PAUL MOSS 195 (G),CB/BC,4213534082
12/19/2024,PAUL MOSS 20 (G),CB/BC,4213502036
12/19/2024,PAUL MOSS 22 (G),CB/BC,4213580262
12/19/2024,PAUL MOSS 30 (G),CB/BC,4213580270
12/19/2024,PAUL MOSS 31 (G),CB/BC,4213502040
12/19/2024,PAUL MOSS 51 (G),CB/BC,4213502101
12/19/2024,PAUL MOSS 6 (G),CB/BC,4213580251
12/19/2024,PAUL MOSS 62 (G),CB/BC,4213502301
12/19/2024,PAUL MOSS 7 (G),CB/BC,4213502032
12/19/2024,PAUL MOSS 94 (G),CB/BC,4213502047
12/19/2024,PAUL MOSS 108 (C),CB/BC,4213530333
12/19/2024,PAUL MOSS 192 (C),CB/BC,4213533866
12/20/2024,US 1-28,CB/BC,3300700474
12/20/2024,FEDERAL FRANKS 33-2 (MADISON),CB/BC,3300700519
12/21/2024,BEAN BLOSSOM A 1-19 (TYLER LOWER),CB,2503321111
12/23/2024,MULLER 1-15 (NIAGARAN BROWN),CB,2109347532
12/28/2024,PREVOST 1 (RED RIVER),CB,2508321853
12/28/2024,TVEIT 23-1 (RED RIVER),CB,2508321898
12/29/2024,KIEHL 1 (MINNELUSA),CB+(B),
12/29/2024,KIEHL 3 (MINNELUSA),CB+(B),
12/29/2024,KIEHL 5 (MINNELUSA),CB+(B),
12/29/2024,KIEHL 7 (MINNELUSA),CB+(B),
12/29/2024,KIEHL 9 (MINNELUSA),CB+(B),
12/30/2024,A.S. CRISP 2 (COTTON VALLEY),WC,302700189
12/31/2024,WEBB ANDERSON  1 (TENSLEEP),CB+(B),
12/31/2024,BIG POLECAT 1 (aka Federal W-061100),CB+(B),
12/31/2024,FEDERAL W-019080   1 (TENSLEEP),CB+(B),
12/31/2024,FED MCCRARY 069688  1 (TENSLEEP),CB+(B),
12/31/2024,SAGE UNIT PATENT  9 (TENSLEEP),CB+(B),
1/1/2025,SAGE UNIT C-067759 10 (TENSLEEP),CB+(B),
1/2/2025,GOVERNMENT 23-9 (PHOSPHORIA),CB+(B),
1/2/2025,SAGE UNIT C-067759 5 (TENSLEEP),CB+(B),
1/2/2025,SAGE UNIT C-067759  8 (TENSLEEP),CB+(B),
1/3/2025,MULLER 1-15 (NIAGARAN BROWN),CB,2109347532
1/13/2025,ELLIOTT 31 FED 05 (DEVONIAN),CB/BC,3002524096
1/13/2025,NEW MEXICO 4 (SAN ANDRES),CB/BC,3002523187
1/13/2025,JONES EST 30 1 (CLEARFORK),CB/BC,4216531866
1/13/2025,JONES E H EST 11 (CLEARFORK),CB/BC,4216501378
1/13/2025,JONES EST 497 (CLEARFORK),CB/BC,4216532458
1/13/2025,JONES EST 498 (CLEARFORK),CB/BC,4216532166
1/13/2025,PARKER 01 (ClearFork),CB/BC,4200337367
1/14/2025,PAUL MOSS 142 (G),CB/BC,4213580391
1/14/2025,A.S. CRISP 2 (COTTON VALLEY),WC,302700189
1/14/2025,DAVIS CREEK 1- 7H (MADISON),,3300701463
1/14/2025,DAVIS CREEK 1-19H (MADISON),,3300701464
1/14/2025,DAVIS CREEK 1-13H (TYLER),,3300701453
1/14/2025,US 1-28,,3300700474
1/14/2025,FEDERAL FRANKS 33-2 (MADISON),,3300700519
1/14/2025,HONDL 15-1 (LODGEPOLE),,3308900436
1/14/2025,GRESS 1-14 WIW (LODGEPOLE),,3308900428
1/14/2025,MEYER 1-15 (LODGEPOLE),,3308900551
1/14/2025,R G 1-10 (LODGEPOLE),,3308900466
1/14/2025,PAUL MOSS 121  (G),CB/BC,4213530744
1/14/2025,PAUL MOSS 131 (G),CB/BC,4213580374
1/14/2025,PAUL MOSS 31 (G),CB/BC,4213502040
1/14/2025,PAUL MOSS 51 (G),CB/BC,4213502101
1/14/2025,PAUL MOSS 62 (G),CB/BC,4213502301
1/14/2025,PAUL MOSS 92 (G),CB/BC,4213502109
1/14/2025,PAUL MOSS 94 (G),CB/BC,4213502047
1/14/2025,PAUL MOSS 192 (C),CB/BC,4213533866
1/14/2025,SAGE CREEK UNIT  7 (TENSLEEP),CB+(B),
1/15/2025,PAUL MOSS 19 (G),CB/BC,4213502086
1/15/2025,PAUL MOSS 20 (G),CB/BC,4213502036
1/15/2025,PAUL MOSS 202 (G),CB/BC,4213543600
1/15/2025,PAUL MOSS 22 (G),CB/BC,4213580262
1/15/2025,PAUL MOSS 30 (G),CB/BC,4213580270
1/15/2025,PAUL MOSS 6 (G),CB/BC,4213580251
1/15/2025,PAUL MOSS 108 (C),CB/BC,4213530333
1/19/2025,GOVERNMENT 23-9 (PHOSPHORIA),CB+(B),
1/20/2025,WEBB ANDERSON  1 (TENSLEEP),CB+(B),
1/21/2025,BIG POLECAT 1 (aka Federal W-061100),CB+(B),
1/21/2025,FEDERAL W-019080   1 (TENSLEEP),CB+(B),
1/23/2025,FED MCCRARY 069688  1 (TENSLEEP),CB+(B),
1/23/2025,SAGE CREEK UNIT  7 (TENSLEEP),CB+(B),
1/23/2025,SAGE UNIT C-067759 5 (TENSLEEP),CB+(B),
1/23/2025,SAGE UNIT C-067759  8 (TENSLEEP),CB+(B),
1/23/2025,SAGE UNIT C-067759 10 (TENSLEEP),CB+(B),
1/23/2025,SAGE UNIT C-067759 15 (TENSLEEP),CB+(B),
1/28/2025,KIEHL 1 (MINNELUSA),CB+(B),
1/28/2025,KIEHL 3 (MINNELUSA),CB+(B),
1/28/2025,KIEHL 5 (MINNELUSA),CB+(B),
1/28/2025,KIEHL 7 (MINNELUSA),CB+(B),
1/28/2025,KIEHL 9 (MINNELUSA),CB+(B),
1/30/2025,CRUSCH 1-3X,CB,2508521662
1/30/2025,CRUSCH 24-3 (RED RIVER),CB,2508521608
1/30/2025,PREVOST 1 (RED RIVER),CB,2508321853
1/30/2025,BEAVER VALLEY RANCH 34-21H (BAKKEN),CB,3305302310
1/30/2025,MARLER PATENTED 1 (DAKOTA),CB+(B),
1/31/2025,TVEIT 23-1 (RED RIVER),CB,2508321898
2/1/2025,GREBE A 5 (TYLER),CB,
2/1/2025,GREBE A 6 (TYLER),CB,
2/1/2025,SCHOCK/HFU  1 (STENSVAD),CB,
2/1/2025,SCHOCK/HFU  2 (STENSVAD),CB,
2/1/2025,SCHOCK/HFU 25-4 (STENSVAD),CB,
2/1/2025,SCHOCK/HFU 26-4 (STENSVAD),CB,
2/1/2025,SCHOCK/HFU 27-4 (STENSVAD),CB,
2/1/2025,SCHOCK/HFU 31-4 (STENSVAD),CB,
2/1/2025,SCHOCK/HFU 32-4 (STENSVAD),CB,
2/5/2025,A.S. CRISP 2 (COTTON VALLEY),WC,302700189
2/5/2025,PAUL MOSS 100 (G),CB/BC,4213580357
2/5/2025,PAUL MOSS 121  (G),CB/BC,4213530744
2/5/2025,PAUL MOSS 131 (G),CB/BC,4213580374
2/5/2025,PAUL MOSS 142 (G),CB/BC,4213580391
2/5/2025,PAUL MOSS 183 (G),CB/BC,4213532997
2/5/2025,PAUL MOSS 19 (G),CB/BC,4213502086
2/5/2025,PAUL MOSS 195 (G),CB/BC,4213534082
2/5/2025,PAUL MOSS 20 (G),CB/BC,4213502036
2/5/2025,PAUL MOSS 202 (G),CB/BC,4213543600
2/5/2025,PAUL MOSS 203 (G),CB/BC,4213543610
2/5/2025,PAUL MOSS 22 (G),CB/BC,4213580262
2/5/2025,PAUL MOSS 30 (G),CB/BC,4213580270
2/5/2025,PAUL MOSS 31 (G),CB/BC,4213502040
2/5/2025,PAUL MOSS 51 (G),CB/BC,4213502101
2/5/2025,PAUL MOSS 53 (G),CB/BC,4213502100
2/5/2025,PAUL MOSS 6 (G),CB/BC,4213580251
2/5/2025,PAUL MOSS 62 (G),CB/BC,4213502301
2/5/2025,PAUL MOSS 68 (G),CB/BC,4213510238
2/5/2025,PAUL MOSS 7 (G),CB/BC,4213502032
2/5/2025,PAUL MOSS 92 (G),CB/BC,4213502109
2/5/2025,PAUL MOSS 94 (G),CB/BC,4213502047
2/5/2025,PAUL MOSS 108 (C),CB/BC,4213530333
2/5/2025,PAUL MOSS 192 (C),CB/BC,4213533866
2/6/2025,ELLIOTT 31 FED 05 (DEVONIAN),CB/BC,3002524096
2/6/2025,NEW MEXICO 4 (SAN ANDRES),CB/BC,3002523187
2/6/2025,FORTUNE 500 01 (C),CB/BC,4213536522
2/6/2025,JONES EST 30 1 (CLEARFORK),CB/BC,4216531866
2/6/2025,JONES E H EST 11 (CLEARFORK),CB/BC,4216501378
2/6/2025,JONES EST 497 (CLEARFORK),CB/BC,4216532458
2/6/2025,JONES EST 498 (CLEARFORK),CB/BC,4216532166
2/6/2025,PARKER 01 (ClearFork),CB/BC,4200337367
2/12/2025,BEAN BLOSSOM A 1-19 (TYLER LOWER),CB,2503321111
2/12/2025,BEAN BLOSSOM A 3-19 (TYLER LOWER),CB,2503321130
2/17/2025,PAUL MOSS 4 (G),CB/BC,4213502024
2/17/2025,PAUL MOSS 163 (G),CB/BC,4213532777
2/24/2025,A.S. CRISP 2 (COTTON VALLEY),WC,302700189
2/24/2025,KIEHL 1 (MINNELUSA),CB,
2/24/2025,KIEHL 3 (MINNELUSA),CB,
2/24/2025,KIEHL 5 (MINNELUSA),CB,
2/24/2025,KIEHL 7 (MINNELUSA),CB,
2/24/2025,KIEHL 9 (MINNELUSA),CB,
2/24/2025,FED MCCRARY 069688  1 (TENSLEEP),CB+(B),
2/24/2025,SAGE UNIT PATENT  9 (TENSLEEP),CB+(B),
2/25/2025,DAVIS CREEK 1- 7H (MADISON),,3300701463
2/25/2025,DAVIS CREEK 1-19H (MADISON),,3300701464
2/25/2025,DAVIS CREEK 1-13H (TYLER),,3300701453
2/25/2025,US 1-28,,3300700474
2/25/2025,FEDERAL FRANKS 33-2 (MADISON),,3300700519
2/25/2025,HONDL 15-1 (LODGEPOLE),,3308900436
2/25/2025,MEYER 1-15 (LODGEPOLE),,3308900551
2/25/2025,R G 1-10 (LODGEPOLE),,3308900466
2/25/2025,GOVERNMENT 23-9 (PHOSPHORIA),CB+(B),
2/25/2025,BIG POLECAT 1 (aka Federal W-061100),CB+(B),
2/25/2025,FEDERAL W-019080   1 (TENSLEEP),CB+(B),
2/26/2025,SAGE CREEK UNIT  7 (TENSLEEP),CB+(B),
2/27/2025,WEBB ANDERSON  1 (TENSLEEP),CB+(B),
2/27/2025,SAGE UNIT C-067759 5 (TENSLEEP),CB+(B),
2/27/2025,SAGE UNIT C-067759  8 (TENSLEEP),CB+(B),
2/27/2025,SAGE UNIT C-067759 10 (TENSLEEP),CB+(B),
2/27/2025,SAGE UNIT C-067759 15 (TENSLEEP),CB+(B),
3/4/2025,PAUL MOSS 100 (G),CB/BC,4213580357
3/4/2025,PAUL MOSS 121  (G),CB/BC,4213530744
3/4/2025,PAUL MOSS 131 (G),CB/BC,4213580374
3/4/2025,PAUL MOSS 142 (G),CB/BC,4213580391
3/4/2025,PAUL MOSS 183 (G),CB/BC,4213532997
3/4/2025,PAUL MOSS 19 (G),CB/BC,4213502086
3/4/2025,PAUL MOSS 203 (G),CB/BC,4213543610
3/4/2025,PAUL MOSS 51 (G),CB/BC,4213502101
3/4/2025,PAUL MOSS 53 (G),CB/BC,4213502100
3/4/2025,PAUL MOSS 62 (G),CB/BC,4213502301
3/4/2025,PAUL MOSS 68 (G),CB/BC,4213510238
3/4/2025,PAUL MOSS 92 (G),CB/BC,4213502109
3/4/2025,PAUL MOSS 94 (G),CB/BC,4213502047
3/4/2025,PAUL MOSS 108 (C),CB/BC,4213530333
3/4/2025,PAUL MOSS 192 (C),CB/BC,4213533866
3/4/2025,PAUL MOSS 163 (G),CB+(B),4213532777
3/4/2025,PAUL MOSS 161 (G),CB/BC,4213532774
3/5/2025,BFU TR 10-2 1 (NUNN A-1),CB/BC,302711405
3/5/2025,BUCKNER C-1 (FKA BFU 16-4 1),CB/BC,302711380
3/5/2025,DEVORE 2,CB/BC,302700627
3/5/2025,FEE K-1,CB/BC,302700633
3/5/2025,JOHNSON ES B-1 (FKA BFU 16-1 1),CB/BC,302711378
3/5/2025,MCKEAN B-13,CB/BC,302710439
3/5/2025,ELLIOTT 31 FED 05 (DEVONIAN),CB/BC,3002524096
3/5/2025,NEW MEXICO 4 (SAN ANDRES),CB/BC,3002523187
3/5/2025,JONES EST 30 1 (CLEARFORK),CB/BC,4216531866
3/5/2025,JONES E H EST 11 (CLEARFORK),CB/BC,4216501378
3/5/2025,JONES EST 497 (CLEARFORK),CB/BC,4216532458
3/5/2025,JONES EST 498 (CLEARFORK),CB/BC,4216532166
3/5/2025,PARKER 01 (ClearFork),CB/BC,4200337367
3/6/2025,CRONE A-10,CB/BC,302710494
3/6/2025,FEE K-2,CB/BC,302711610
3/6/2025,MCKEAN B-14,CB/BC,302711645
3/6/2025,MCKEAN C-2,CB/BC,307301540
3/6/2025,WARREN C-3,CB/BC,302700638
3/6/2025,WILSON K-2,CB/BC,302711622
3/6/2025,FORTUNE 500 01 (C),CB/BC,4213536522
3/6/2025,PAUL MOSS 195 (G),CB/BC,4213534082
3/6/2025,PAUL MOSS 20 (G),CB/BC,4213502036
3/6/2025,PAUL MOSS 202 (G),CB/BC,4213543600
3/6/2025,PAUL MOSS 22 (G),CB/BC,4213580262
3/6/2025,PAUL MOSS 30 (G),CB/BC,4213580270
3/6/2025,PAUL MOSS 31 (G),CB/BC,4213502040
3/6/2025,PAUL MOSS 6 (G),CB/BC,4213580251
3/6/2025,PAUL MOSS 7 (G),CB/BC,4213502032
3/6/2025,PAUL MOSS 421 (G),CB/BC,
3/7/2025,GOVERNMENT 23-9 (PHOSPHORIA),CB+(B),
3/17/2025,KIEHL 1 (MINNELUSA),CB,
3/17/2025,KIEHL 3 (MINNELUSA),CB,
3/17/2025,KIEHL 5 (MINNELUSA),CB,
3/17/2025,KIEHL 7 (MINNELUSA),CB,
3/17/2025,KIEHL 9 (MINNELUSA),CB,
3/19/2025,HONDL 15-1 (LODGEPOLE),,3308900436
3/19/2025,MEYER 1-15 (LODGEPOLE),,3308900551
3/19/2025,R G 1-10 (LODGEPOLE),,3308900466
3/19/2025,WEBB ANDERSON  1 (TENSLEEP),CB+(B),
3/19/2025,GOVERNMENT 23-9 (PHOSPHORIA),CB+(B),
3/19/2025,BIG POLECAT 1 (aka Federal W-061100),CB+(B),
3/19/2025,FEDERAL W-019080   1 (TENSLEEP),CB+(B),
3/20/2025,US 1-28,,3300700474
3/20/2025,FEDERAL FRANKS 33-2 (MADISON),,3300700519
3/21/2025,DAVIS CREEK 1-13H (TYLER),,3300701453
3/21/2025,FED MCCRARY 069688  1 (TENSLEEP),CB+(B),
3/21/2025,SAGE CREEK UNIT  7 (TENSLEEP),CB+(B),
3/21/2025,SAGE UNIT C-067759 5 (TENSLEEP),CB+(B),
3/21/2025,SAGE UNIT C-067759  8 (TENSLEEP),CB+(B),
3/21/2025,SAGE UNIT C-067759 10 (TENSLEEP),CB+(B),
3/21/2025,SAGE UNIT C-067759 15 (TENSLEEP),CB+(B),
3/21/2025,SAGE UNIT PATENT  9 (TENSLEEP),CB+(B),
3/27/2025,A.S. CRISP 2 (COTTON VALLEY),WC,302700189
3/28/2025,MCCOY 1 (CHESTER),,3500724261
3/28/2025,MARLER PATENTED 1 (DAKOTA),CB+(B),
3/31/2025,PAUL MOSS 100 (G),CB+(B),4213580357
3/31/2025,PAUL MOSS 121  (G),CB+(B),4213530744
3/31/2025,PAUL MOSS 131 (G),CB+(B),4213580374
3/31/2025,PAUL MOSS 142 (G),CB+(B),4213580391
3/31/2025,PAUL MOSS 183 (G),CB+(B),4213532997
3/31/2025,PAUL MOSS 19 (G),CB+(B),4213502086
3/31/2025,PAUL MOSS 203 (G),CB+(B),4213543610
3/31/2025,PAUL MOSS 51 (G),CB+(B),4213502101
3/31/2025,PAUL MOSS 53 (G),CB+(B),4213502100
3/31/2025,PAUL MOSS 6 (G),CB+(B),4213580251
3/31/2025,PAUL MOSS 62 (G),CB+(B),4213502301
3/31/2025,PAUL MOSS 68 (G),CB+(B),4213510238
3/31/2025,PAUL MOSS 92 (G),CB+(B),4213502109
3/31/2025,PAUL MOSS 94 (G),CB+(B),4213502047
3/31/2025,PAUL MOSS 192 (C),CB+(B),4213533866
3/31/2025,PAUL MOSS 117 (C),CB+(B),
3/31/2025,PAUL MOSS C 190,CB+(B),
4/1/2025,ELLIOTT 31 FED 05 (DEVONIAN),CB+(B),3002524096
4/1/2025,NEW MEXICO 4 (SAN ANDRES),CB+(B),3002523187
4/1/2025,JONES EST 30 1 (CLEARFORK),CB+(B),4216531866
4/1/2025,JONES E H EST 11 (CLEARFORK),CB+(B),4216501378
4/1/2025,JONES EST 498 (CLEARFORK),CB+(B),4216532166
4/1/2025,PARKER 01 (ClearFork),CB+(B),4200337367
4/3/2025,FORTUNE 500 01 (C),CB+(B),4213536522
4/3/2025,PAUL MOSS 20 (G),CB+(B),4213502036
4/3/2025,PAUL MOSS 202 (G),CB+(B),4213543600
4/3/2025,PAUL MOSS 22 (G),CB+(B),4213580262
4/3/2025,PAUL MOSS 30 (G),CB+(B),4213580270
4/3/2025,PAUL MOSS 31 (G),CB+(B),4213502040
4/3/2025,PAUL MOSS 7 (G),CB+(B),4213502032
4/3/2025,PAUL MOSS 421 (G),CB+(B),
4/3/2025,PAUL MOSS 108 (C),CB+(B),4213530333
4/3/2025,PAUL MOSS 163 (G),CB+(B),4213532777
4/3/2025,PAUL MOSS 161 (G),CB/BC,4213532774
4/8/2025,WEBB ANDERSON  1 (TENSLEEP),CB+(B),
4/8/2025,BIG POLECAT 1 (aka Federal W-061100),CB+(B),
4/8/2025,FEDERAL W-019080   1 (TENSLEEP),CB+(B),
4/8/2025,FED MCCRARY 069688  1 (TENSLEEP),CB+(B),
4/8/2025,SAGE UNIT PATENT  9 (TENSLEEP),CB+(B),
4/9/2025,HELEN #4,CB+(B),
4/10/2025,GOVERNMENT 23-9 (PHOSPHORIA),CB+(B),
4/10/2025,SAGE CREEK UNIT  7 (TENSLEEP),CB+(B),
4/10/2025,SAGE UNIT C-067759 5 (TENSLEEP),CB+(B),
4/10/2025,SAGE UNIT C-067759  8 (TENSLEEP),CB+(B),
4/10/2025,SAGE UNIT C-067759 10 (TENSLEEP),CB+(B),
4/10/2025,SAGE UNIT C-067759 15 (TENSLEEP),CB+(B),
4/11/2025,PAUL MOSS 4 (G),CB+(B),4213502024
4/15/2025,A.S. CRISP 2 (COTTON VALLEY),WC,302700189
4/20/2025,PAUL MOSS 20 (G),CB+(B),4213502036
4/21/2025,PAUL MOSS 4 (G),CB+(B),4213502024
4/22/2025,DAVIS CREEK 1- 7H (MADISON),,3300701463
4/22/2025,DAVIS CREEK 1-19H (MADISON),,3300701464
4/22/2025,DAVIS CREEK 1-13H (TYLER),,3300701453
4/22/2025,HONDL 15-1 (LODGEPOLE),,3308900436
4/22/2025,MEYER 1-15 (LODGEPOLE),,3308900551
4/22/2025,R G 1-10 (LODGEPOLE),,3308900466
4/23/2025,US 1-28,,3300700474
4/23/2025,FEDERAL FRANKS 33-2 (MADISON),,3300700519
4/28/2025,WEBB ANDERSON  1 (TENSLEEP),CB+(B),
4/28/2025,GOVERNMENT 23-9 (PHOSPHORIA),CB+(B),
4/28/2025,FED MCCRARY 069688  1 (TENSLEEP),CB+(B),
4/28/2025,SAGE UNIT PATENT  9 (TENSLEEP),CB+(B),
4/29/2025,MARLER PATENTED 1 (DAKOTA),CB+(B),
4/30/2025,JONES EST 497 (CLEARFORK),CB+(B),4216532458
4/30/2025,PAUL MOSS 100 (G),CB+(B),4213580357
4/30/2025,PAUL MOSS 183 (G),CB+(B),4213532997
4/30/2025,PAUL MOSS 195 (G),CB+(B),4213534082
4/30/2025,PAUL MOSS 202 (G),CB+(B),4213543600
4/30/2025,PAUL MOSS 22 (G),CB+(B),4213580262
4/30/2025,PAUL MOSS 30 (G),CB+(B),4213580270
4/30/2025,PAUL MOSS 31 (G),CB+(B),4213502040
4/30/2025,PAUL MOSS 6 (G),CB+(B),4213580251
4/30/2025,PAUL MOSS 62 (G),CB+(B),4213502301
4/30/2025,PAUL MOSS 7 (G),CB+(B),4213502032
4/30/2025,PAUL MOSS 421 (G),CB+(B),
4/30/2025,PAUL MOSS 108 (C),CB+(B),4213530333
4/30/2025,PAUL MOSS 163 (G),CB+(B),4213532777
4/30/2025,PAUL MOSS 161 (G),CB/BC,4213532774
4/30/2025,BIG POLECAT 1 (aka Federal W-061100),CB+(B),
4/30/2025,FEDERAL W-019080   1 (TENSLEEP),CB+(B),
4/30/2025,SAGE CREEK UNIT  7 (TENSLEEP),CB+(B),
4/30/2025,SAGE UNIT C-067759  8 (TENSLEEP),CB+(B),
4/30/2025,SAGE UNIT C-067759 10 (TENSLEEP),CB+(B),
4/30/2025,SAGE UNIT C-067759 15 (TENSLEEP),CB+(B),
5/1/2025,FORTUNE 500 01 (C),CB+(B),4213536522
5/1/2025,PAUL MOSS 121  (G),CB+(B),4213530744
5/1/2025,PAUL MOSS 131 (G),CB+(B),4213580374
5/1/2025,PAUL MOSS 142 (G),CB+(B),4213580391
5/1/2025,PAUL MOSS 19 (G),CB+(B),4213502086
5/1/2025,PAUL MOSS 203 (G),CB+(B),4213543610
5/1/2025,PAUL MOSS 51 (G),CB+(B),4213502101
5/1/2025,PAUL MOSS 53 (G),CB+(B),4213502100
5/1/2025,PAUL MOSS 68 (G),CB+(B),4213510238
5/1/2025,PAUL MOSS 92 (G),CB+(B),4213502109
5/1/2025,PAUL MOSS 94 (G),CB+(B),4213502047
5/1/2025,PAUL MOSS 192 (C),CB+(B),4213533866
5/1/2025,PAUL MOSS 117 (C),CB+(B),
5/5/2025,ELLIOTT 31 FED 05 (DEVONIAN),CB,3002524096
5/5/2025,NEW MEXICO 4 (SAN ANDRES),CB,3002523187
5/5/2025,JONES EST 30 1 (CLEARFORK),CB,4216531866
5/5/2025,JONES E H EST 11 (CLEARFORK),CB,4216501378
5/5/2025,JONES EST 497 (CLEARFORK),CB,4216532458
5/5/2025,JONES EST 498 (CLEARFORK),CB,4216532166
5/5/2025,PARKER 01 (ClearFork),CB,4200337367
5/5/2025,PAUL MOSS 4 (G),CB+(B),4213502024
5/5/2025,KIEHL 1 (MINNELUSA),CB,
5/5/2025,KIEHL 3 (MINNELUSA),CB,
5/5/2025,KIEHL 5 (MINNELUSA),CB,
5/5/2025,KIEHL 7 (MINNELUSA),CB,
5/5/2025,KIEHL 9 (MINNELUSA),CB,
5/5/2025,KILROY 30-1,,
?,PAUL MOSS 108 (C),CB,4213530333
